{"cameraMode":{"drawMode":2,"name":"Shaded Wireframe","section":"Shading Mode"},"sceneLighting":true,"audioPlay":false,"sceneViewState":{"showFog":false,"showMaterialUpdate":false,"showSkybox":false,"showFlares":false,"showImageEffects":false,"showParticleSystems":false},"in2DMode":false,"pivot":{"x":241.158447265625,"y":318.02569580078127,"z":-1160.2080078125},"rotation":{"x":0.41660767793655398,"y":-0.06358037143945694,"z":0.029446804895997049,"w":0.9064881205558777},"size":955.225830078125,"orthographic":false}